{
"vfeff": "Feff8L (EXAFS)",
"vf85e": " 0.1",
"natt": 55,
"nph": 1,
"iatph": [
    1,
    2,
    0,
    0,
    0,
    0,
    0,
    0,
    0,
    0,
    0,
    0
  ],
"x": [
    0.0000000000000000E+000,
    -0.1737570000000000E+001,
    -0.1737570000000000E+001,
    -0.1737570000000000E+001,
    -0.1737570000000000E+001,
    0.1063960000000000E-015,
    0.0000000000000000E+000,
    0.1737570000000000E+001,
    0.0000000000000000E+000,
    0.1737570000000000E+001,
    -0.1063960000000000E-015,
    0.1737570000000000E+001,
    0.1737570000000000E+001,
    -0.3475150000000000E+001,
    0.1063960000000000E-015,
    0.1063960000000000E-015,
    -0.1063960000000000E-015,
    -0.1063960000000000E-015,
    0.3475150000000000E+001,
    -0.3475150000000000E+001,
    -0.1737570000000000E+001,
    -0.1737570000000000E+001,
    -0.3475150000000000E+001,
    -0.1737570000000000E+001,
    -0.1737570000000000E+001,
    -0.3475150000000000E+001,
    -0.1737570000000000E+001,
    -0.1737570000000000E+001,
    -0.3475150000000000E+001,
    -0.1737570000000000E+001,
    -0.1737570000000000E+001,
    0.1737570000000000E+001,
    0.1737570000000000E+001,
    0.3475150000000000E+001,
    0.1737570000000000E+001,
    0.1737570000000000E+001,
    0.3475150000000000E+001,
    0.1737570000000000E+001,
    0.1737570000000000E+001,
    0.3475150000000000E+001,
    0.1737570000000000E+001,
    0.1737570000000000E+001,
    0.3475150000000000E+001,
    -0.3475150000000000E+001,
    -0.3475150000000000E+001,
    -0.3475150000000000E+001,
    -0.3475150000000000E+001,
    0.2127910000000000E-015,
    0.0000000000000000E+000,
    0.3475150000000000E+001,
    0.0000000000000000E+000,
    0.3475150000000000E+001,
    -0.2127910000000000E-015,
    0.3475150000000000E+001,
    0.3475150000000000E+001
  ],
"y": [
    0.0000000000000000E+000,
    -0.1737570000000000E+001,
    0.0000000000000000E+000,
    0.0000000000000000E+000,
    0.1737570000000000E+001,
    -0.1737570000000000E+001,
    -0.1737570000000000E+001,
    -0.1737570000000000E+001,
    0.1737570000000000E+001,
    0.0000000000000000E+000,
    0.1737570000000000E+001,
    0.0000000000000000E+000,
    0.1737570000000000E+001,
    0.0000000000000000E+000,
    -0.3475150000000000E+001,
    0.0000000000000000E+000,
    0.0000000000000000E+000,
    0.3475150000000000E+001,
    0.0000000000000000E+000,
    -0.1737570000000000E+001,
    -0.3475150000000000E+001,
    -0.1737570000000000E+001,
    -0.1737570000000000E+001,
    -0.3475150000000000E+001,
    -0.1737570000000000E+001,
    0.1737570000000000E+001,
    0.1737570000000000E+001,
    0.3475150000000000E+001,
    0.1737570000000000E+001,
    0.1737570000000000E+001,
    0.3475150000000000E+001,
    -0.3475150000000000E+001,
    -0.1737570000000000E+001,
    -0.1737570000000000E+001,
    -0.3475150000000000E+001,
    -0.1737570000000000E+001,
    -0.1737570000000000E+001,
    0.1737570000000000E+001,
    0.3475150000000000E+001,
    0.1737570000000000E+001,
    0.1737570000000000E+001,
    0.3475150000000000E+001,
    0.1737570000000000E+001,
    -0.3475150000000000E+001,
    0.0000000000000000E+000,
    0.0000000000000000E+000,
    0.3475150000000000E+001,
    -0.3475150000000000E+001,
    -0.3475150000000000E+001,
    -0.3475150000000000E+001,
    0.3475150000000000E+001,
    0.0000000000000000E+000,
    0.3475150000000000E+001,
    0.0000000000000000E+000,
    0.3475150000000000E+001
  ],
"z": [
    0.0000000000000000E+000,
    0.0000000000000000E+000,
    -0.1737570000000000E+001,
    0.1737570000000000E+001,
    0.0000000000000000E+000,
    -0.1737570000000000E+001,
    0.1737570000000000E+001,
    0.0000000000000000E+000,
    -0.1737570000000000E+001,
    -0.1737570000000000E+001,
    0.1737570000000000E+001,
    0.1737570000000000E+001,
    0.0000000000000000E+000,
    0.0000000000000000E+000,
    0.0000000000000000E+000,
    -0.3475150000000000E+001,
    0.3475150000000000E+001,
    0.0000000000000000E+000,
    0.0000000000000000E+000,
    -0.1737570000000000E+001,
    -0.1737570000000000E+001,
    -0.3475150000000000E+001,
    0.1737570000000000E+001,
    0.1737570000000000E+001,
    0.3475150000000000E+001,
    -0.1737570000000000E+001,
    -0.3475150000000000E+001,
    -0.1737570000000000E+001,
    0.1737570000000000E+001,
    0.3475150000000000E+001,
    0.1737570000000000E+001,
    -0.1737570000000000E+001,
    -0.3475150000000000E+001,
    -0.1737570000000000E+001,
    0.1737570000000000E+001,
    0.3475150000000000E+001,
    0.1737570000000000E+001,
    -0.3475150000000000E+001,
    -0.1737570000000000E+001,
    -0.1737570000000000E+001,
    0.3475150000000000E+001,
    0.1737570000000000E+001,
    0.1737570000000000E+001,
    0.0000000000000000E+000,
    -0.3475150000000000E+001,
    0.3475150000000000E+001,
    0.0000000000000000E+000,
    -0.3475150000000000E+001,
    0.3475150000000000E+001,
    0.0000000000000000E+000,
    -0.3475150000000000E+001,
    -0.3475150000000000E+001,
    0.3475150000000000E+001,
    0.3475150000000000E+001,
    0.0000000000000000E+000
  ],
"iph": [
    0,
    1,
    1,
    1,
    1,
    1,
    1,
    1,
    1,
    1,
    1,
    1,
    1,
    1,
    1,
    1,
    1,
    1,
    1,
    1,
    1,
    1,
    1,
    1,
    1,
    1,
    1,
    1,
    1,
    1,
    1,
    1,
    1,
    1,
    1,
    1,
    1,
    1,
    1,
    1,
    1,
    1,
    1,
    1,
    1,
    1,
    1,
    1,
    1,
    1,
    1,
    1,
    1,
    1,
    1
  ],
"ibo": [
    1,
    1,
    1,
    1,
    1,
    1,
    1,
    1,
    1,
    1,
    1,
    1,
    1,
    1,
    1,
    1,
    1,
    1,
    1,
    1,
    1,
    1,
    1,
    1,
    1,
    1,
    1,
    1,
    1,
    1,
    1,
    1,
    1,
    1,
    1,
    1,
    1,
    1,
    1,
    1,
    1,
    1,
    1,
    1,
    1,
    1,
    1,
    1,
    1,
    1,
    1,
    1,
    1,
    1,
    1
  ]
}
