{
"vfeff": "Feff8L (EXAFS)",
"vf85e": " 0.1",
"ntitle": 13,
"title": [
    "comment: None given                            Feff8L (EXAFS)       0.1",
    "Source:",
    "Structure Summary:  Ni1",
    "Reduced formula:  Ni",
    "space group: (Fm-3m), space number:  (225)",
    "abc:  2.457299   2.457299   2.457299",
    "angles: 60.000000  60.000000  60.000000",
    "sites: 1",
    "POT  Non-SCF, core-hole, AFOLP (folp(0)= 1.150)",
    "Abs   Z=28 Rmt= 1.308 Rnm= 1.345 K  shell",
    "Pot 1 Z=28 Rmt= 1.325 Rnm= 1.366",
    "Gam_ch=1.576E+00 H-L exch",
    "Mu=-1.136E+01 kf=2.075E+00 Vint=-2.777E+01 Rs_int= 1.747"
  ],
"s02": 0.9512224832085679E+000,
"erelax": 0.2678705754514821E+001,
"wp": 0.7498390504965847E+000,
"edge": -0.4173581026998503E+000,
"emu": 0.3065871277806734E+003,
"gamach": 0.1575916707690781E+001,
"ne": 80,
"ne1": 59,
"ik0": 1,
"ereal": [
    -0.1135689244114043E+002,
    -0.1131879262032899E+002,
    -0.1120449315789467E+002,
    -0.1101399405383746E+002,
    -0.1074729530815738E+002,
    -0.1040439692085442E+002,
    -0.9985298891928569E+001,
    -0.9490001221379840E+001,
    -0.8918503909208232E+001,
    -0.8270806955413741E+001,
    -0.7546910359996370E+001,
    -0.6746814122956118E+001,
    -0.5870518244292983E+001,
    -0.4918022724006968E+001,
    -0.3889327562098072E+001,
    -0.2784432758566295E+001,
    -0.1603338313411637E+001,
    -0.3460442266340972E+000,
    0.9874495017663236E+000,
    0.2397142871789624E+001,
    0.3883035883435809E+001,
    0.7083420831596818E+001,
    0.1058860434624935E+002,
    0.1439858642739342E+002,
    0.1851336707502900E+002,
    0.2293294628915611E+002,
    0.2765732406977474E+002,
    0.3268650041688490E+002,
    0.3802047533048658E+002,
    0.4365924881057978E+002,
    0.4960282085716453E+002,
    0.5585119147024078E+002,
    0.6240436064980858E+002,
    0.6926232839586788E+002,
    0.7642509470841874E+002,
    0.8389265958746104E+002,
    0.9166502303299495E+002,
    0.9974218504502032E+002,
    0.1081241456235373E+003,
    0.1168109047685457E+003,
    0.1258024624800457E+003,
    0.1496148504871961E+003,
    0.1753322295349185E+003,
    0.2029545996232129E+003,
    0.2324819607520794E+003,
    0.2639143129215179E+003,
    0.2972516561315285E+003,
    0.3324939903821110E+003,
    0.3696413156732655E+003,
    0.4496509393772908E+003,
    0.5372805272436042E+003,
    0.6325300792722055E+003,
    0.7353995954630952E+003,
    0.8458890758162731E+003,
    0.9639985203317389E+003,
    0.1089727929009493E+004,
    0.1223077301849535E+004,
    0.1364046638851865E+004,
    0.1512635940016483E+004,
    -0.1135689244114043E+002,
    -0.1135689244114043E+002,
    -0.1135689244114043E+002,
    -0.1135689244114043E+002,
    -0.1135689244114043E+002,
    -0.1135689244114043E+002,
    -0.1135689244114043E+002,
    -0.1135689244114043E+002,
    -0.1135689244114043E+002,
    -0.1135689244114043E+002,
    -0.1135689244114043E+002,
    -0.1135689244114043E+002,
    -0.1135689244114043E+002,
    -0.1135689244114043E+002,
    -0.1135689244114043E+002,
    -0.1135689244114043E+002,
    -0.1135689244114043E+002,
    -0.1135689244114043E+002,
    -0.1135689244114043E+002,
    -0.1135689244114043E+002,
    -0.1135689244114043E+002
  ],
"eimag": [
    0.7879583538453905E+000,
    0.7879583538453905E+000,
    0.7879583538453905E+000,
    0.7879583538453905E+000,
    0.7879583538453905E+000,
    0.7879583538453905E+000,
    0.7879583538453905E+000,
    0.7879583538453905E+000,
    0.7879583538453905E+000,
    0.7879583538453905E+000,
    0.7879583538453905E+000,
    0.7879583538453905E+000,
    0.7879583538453905E+000,
    0.7879583538453905E+000,
    0.7879583538453905E+000,
    0.7879583538453905E+000,
    0.7879583538453905E+000,
    0.7879583538453905E+000,
    0.7879583538453905E+000,
    0.7879583538453905E+000,
    0.7879583538453905E+000,
    0.7879583538453905E+000,
    0.7879583538453905E+000,
    0.7879583538453905E+000,
    0.7879583538453905E+000,
    0.7879583538453905E+000,
    0.7879583538453905E+000,
    0.7879583538453905E+000,
    0.7879583538453905E+000,
    0.7879583538453905E+000,
    0.7879583538453905E+000,
    0.7879583538453905E+000,
    0.7879583538453905E+000,
    0.7879583538453905E+000,
    0.7879583538453905E+000,
    0.7879583538453905E+000,
    0.7879583538453905E+000,
    0.7879583538453905E+000,
    0.7879583538453905E+000,
    0.7879583538453905E+000,
    0.7879583538453905E+000,
    0.7879583538453905E+000,
    0.7879583538453905E+000,
    0.7879583538453905E+000,
    0.7879583538453905E+000,
    0.7879583538453905E+000,
    0.7879583538453905E+000,
    0.7879583538453905E+000,
    0.7879583538453905E+000,
    0.7879583538453905E+000,
    0.7879583538453905E+000,
    0.7879583538453905E+000,
    0.7879583538453905E+000,
    0.7879583538453905E+000,
    0.7879583538453905E+000,
    0.7879583538453905E+000,
    0.7879583538453905E+000,
    0.7879583538453905E+000,
    0.7879583538453905E+000,
    0.5000000000000000E-002,
    0.1000000000000000E-001,
    0.1158344780999619E-001,
    0.1728047352679100E-001,
    0.2577943719420296E-001,
    0.3845840109760396E-001,
    0.5737319258919970E-001,
    0.8559074568709722E-001,
    0.1276863883055447E+000,
    0.1904857076268251E+000,
    0.2841712831853717E+000,
    0.4239337386163489E+000,
    0.6324348214312679E+000,
    0.9434818862595125E+000,
    0.1407509579699113E+001,
    0.2099757553161820E+001,
    0.3132470176865606E+001,
    0.4673096374472827E+001,
    0.6971440585896444E+001,
    0.1040016724417905E+002,
    0.1551522635446604E+002
  ],
"xsnorm": [
    0.2187522068457294E-003,
    0.2189927139174253E-003,
    0.2197071665977653E-003,
    0.2208765408753803E-003,
    0.2224695582494527E-003,
    0.2244439957853560E-003,
    0.2267481328102731E-003,
    0.2293223056726545E-003,
    0.2321014259033630E-003,
    0.2350164726439226E-003,
    0.2379971320936777E-003,
    0.2409736501731316E-003,
    0.2438791027381006E-003,
    0.2466512317501789E-003,
    0.2492342816455143E-003,
    0.2515798871890110E-003,
    0.2536490555816357E-003,
    0.2554128562475442E-003,
    0.2568529174339715E-003,
    0.2579613692617260E-003,
    0.2587427884534339E-003,
    0.2593932867606330E-003,
    0.2579209854877113E-003,
    0.2589049869400579E-003,
    0.2605964099874926E-003,
    0.2623702194636502E-003,
    0.2643679593050480E-003,
    0.2661252510747083E-003,
    0.2675929667183568E-003,
    0.2690871359718787E-003,
    0.2703183425479354E-003,
    0.2714547663940322E-003,
    0.2723803403008925E-003,
    0.2730360798618824E-003,
    0.2733253864256252E-003,
    0.2733744410105032E-003,
    0.2731946719538643E-003,
    0.2726736469999083E-003,
    0.2720320375626742E-003,
    0.2713231887123935E-003,
    0.2704851146595841E-003,
    0.2683702178545306E-003,
    0.2662208321001945E-003,
    0.2636208027957260E-003,
    0.2602790850568815E-003,
    0.2563390811563745E-003,
    0.2527550989649838E-003,
    0.2499886588038690E-003,
    0.2478371996373846E-003,
    0.2428805663009706E-003,
    0.2368609921056652E-003,
    0.2307661924404969E-003,
    0.2239626543396595E-003,
    0.2169407475759169E-003,
    0.2097895228890489E-003,
    0.2023031311443174E-003,
    0.1949411020854050E-003,
    0.1873770939178242E-003,
    0.1798485158635219E-003,
    0.2184314493556520E-003,
    0.2184314881406115E-003,
    0.2184315058143085E-003,
    0.2184315908508843E-003,
    0.2184317801031525E-003,
    0.2184322012910335E-003,
    0.2184331386582881E-003,
    0.2184352247889809E-003,
    0.2184398674686295E-003,
    0.2184501994951382E-003,
    0.2184731916187689E-003,
    0.2185243505648890E-003,
    0.2186381441508530E-003,
    0.2188911456475113E-003,
    0.2194528771839594E-003,
    0.2206964326329648E-003,
    0.2234313717993396E-003,
    0.2293569629447258E-003,
    0.2417537647220325E-003,
    0.2655292521077862E-003,
    0.3013493921959055E-003
  ],