{
"vfeff": "Feff8L (EXAFS)",
"vf85e": " 0.1",
"natt": 43,
"nph": 1,
"iatph": [
    1,
    2,
    0,
    0,
    0,
    0,
    0,
    0,
    0,
    0,
    0,
    0
  ],
"x": [
    0.0000000000000000E+000,
    -0.1788720000000000E+001,
    -0.1788720000000000E+001,
    -0.1788720000000000E+001,
    -0.1788720000000000E+001,
    0.1095270000000000E-015,
    0.0000000000000000E+000,
    0.1788720000000000E+001,
    0.0000000000000000E+000,
    0.1788720000000000E+001,
    -0.1095270000000000E-015,
    0.1788720000000000E+001,
    0.1788720000000000E+001,
    -0.3577430000000000E+001,
    0.1095270000000000E-015,
    0.1095270000000000E-015,
    -0.1095270000000000E-015,
    -0.1095270000000000E-015,
    0.3577430000000000E+001,
    -0.3577430000000000E+001,
    -0.1788720000000000E+001,
    -0.1788720000000000E+001,
    -0.3577430000000000E+001,
    -0.1788720000000000E+001,
    -0.1788720000000000E+001,
    -0.3577430000000000E+001,
    -0.1788720000000000E+001,
    -0.1788720000000000E+001,
    -0.3577430000000000E+001,
    -0.1788720000000000E+001,
    -0.1788720000000000E+001,
    0.1788720000000000E+001,
    0.1788720000000000E+001,
    0.3577430000000000E+001,
    0.1788720000000000E+001,
    0.1788720000000000E+001,
    0.3577430000000000E+001,
    0.1788720000000000E+001,
    0.1788720000000000E+001,
    0.3577430000000000E+001,
    0.1788720000000000E+001,
    0.1788720000000000E+001,
    0.3577430000000000E+001
  ],
"y": [
    0.0000000000000000E+000,
    -0.1788720000000000E+001,
    0.0000000000000000E+000,
    0.0000000000000000E+000,
    0.1788720000000000E+001,
    -0.1788720000000000E+001,
    -0.1788720000000000E+001,
    -0.1788720000000000E+001,
    0.1788720000000000E+001,
    0.0000000000000000E+000,
    0.1788720000000000E+001,
    0.0000000000000000E+000,
    0.1788720000000000E+001,
    0.0000000000000000E+000,
    -0.3577430000000000E+001,
    0.0000000000000000E+000,
    0.0000000000000000E+000,
    0.3577430000000000E+001,
    0.0000000000000000E+000,
    -0.1788720000000000E+001,
    -0.3577430000000000E+001,
    -0.1788720000000000E+001,
    -0.1788720000000000E+001,
    -0.3577430000000000E+001,
    -0.1788720000000000E+001,
    0.1788720000000000E+001,
    0.1788720000000000E+001,
    0.3577430000000000E+001,
    0.1788720000000000E+001,
    0.1788720000000000E+001,
    0.3577430000000000E+001,
    -0.3577430000000000E+001,
    -0.1788720000000000E+001,
    -0.1788720000000000E+001,
    -0.3577430000000000E+001,
    -0.1788720000000000E+001,
    -0.1788720000000000E+001,
    0.1788720000000000E+001,
    0.3577430000000000E+001,
    0.1788720000000000E+001,
    0.1788720000000000E+001,
    0.3577430000000000E+001,
    0.1788720000000000E+001
  ],
"z": [
    0.0000000000000000E+000,
    0.0000000000000000E+000,
    -0.1788720000000000E+001,
    0.1788720000000000E+001,
    0.0000000000000000E+000,
    -0.1788720000000000E+001,
    0.1788720000000000E+001,
    0.0000000000000000E+000,
    -0.1788720000000000E+001,
    -0.1788720000000000E+001,
    0.1788720000000000E+001,
    0.1788720000000000E+001,
    0.0000000000000000E+000,
    0.0000000000000000E+000,
    0.0000000000000000E+000,
    -0.3577430000000000E+001,
    0.3577430000000000E+001,
    0.0000000000000000E+000,
    0.0000000000000000E+000,
    -0.1788720000000000E+001,
    -0.1788720000000000E+001,
    -0.3577430000000000E+001,
    0.1788720000000000E+001,
    0.1788720000000000E+001,
    0.3577430000000000E+001,
    -0.1788720000000000E+001,
    -0.3577430000000000E+001,
    -0.1788720000000000E+001,
    0.1788720000000000E+001,
    0.3577430000000000E+001,
    0.1788720000000000E+001,
    -0.1788720000000000E+001,
    -0.3577430000000000E+001,
    -0.1788720000000000E+001,
    0.1788720000000000E+001,
    0.3577430000000000E+001,
    0.1788720000000000E+001,
    -0.3577430000000000E+001,
    -0.1788720000000000E+001,
    -0.1788720000000000E+001,
    0.3577430000000000E+001,
    0.1788720000000000E+001,
    0.1788720000000000E+001
  ],
"iph": [
    0,
    1,
    1,
    1,
    1,
    1,
    1,
    1,
    1,
    1,
    1,
    1,
    1,
    1,
    1,
    1,
    1,
    1,
    1,
    1,
    1,
    1,
    1,
    1,
    1,
    1,
    1,
    1,
    1,
    1,
    1,
    1,
    1,
    1,
    1,
    1,
    1,
    1,
    1,
    1,
    1,
    1,
    1
  ],
"ibo": [
    1,
    1,
    1,
    1,
    1,
    1,
    1,
    1,
    1,
    1,
    1,
    1,
    1,
    1,
    1,
    1,
    1,
    1,
    1,
    1,
    1,
    1,
    1,
    1,
    1,
    1,
    1,
    1,
    1,
    1,
    1,
    1,
    1,
    1,
    1,
    1,
    1,
    1,
    1,
    1,
    1,
    1,
    1
  ]
}
