{
"vfeff": "Feff8L (EXAFS)",
"vf85e": " 0.1",
"ntitle": 13,
"title": [
    "comment: None given                            Feff8L (EXAFS)       0.1",
    "Source:",
    "Structure Summary:  Cu1",
    "Reduced formula:  Cu",
    "space group: (Fm-3m), space number:  (225)",
    "abc:  2.529625   2.529625   2.529625",
    "angles: 60.000000  60.000000  60.000000",
    "sites: 1",
    "POT  Non-SCF, core-hole, AFOLP (folp(0)= 1.150)",
    "Abs   Z=29 Rmt= 1.433 Rnm= 1.488 K  shell",
    "Pot 1 Z=29 Rmt= 1.359 Rnm= 1.402",
    "Gam_ch=1.729E+00 H-L exch",
    "Mu=-3.472E+00 kf=1.806E+00 Vint=-1.591E+01 Rs_int= 2.008"
  ],
"s02": 0.9503177828346366E+000,
"erelax": 0.2393842850023490E+001,
"wp": 0.6089003029979497E+000,
"edge": -0.1275840052578220E+000,
"emu": 0.3303223054227197E+003,
"gamach": 0.1729188184905790E+001,
"ne": 80,
"ne1": 59,
"ik0": 1,
"ereal": [
    -0.3471737617048305E+001,
    -0.3433637796236864E+001,
    -0.3319338333802543E+001,
    -0.3128839229745340E+001,
    -0.2862140484065256E+001,
    -0.2519242096762290E+001,
    -0.2100144067836443E+001,
    -0.1604846397287716E+001,
    -0.1033349085116107E+001,
    -0.3856521313216166E+000,
    0.3382444640957548E+000,
    0.1138340701136007E+001,
    0.2014636579799142E+001,
    0.2967132100085157E+001,
    0.3995827261994053E+001,
    0.5100722065525830E+001,
    0.6281816510680488E+001,
    0.7539110597458028E+001,
    0.8872604325858449E+001,
    0.1028229769588175E+002,
    0.1176819070752793E+002,
    0.1496857565568894E+002,
    0.1847375917034147E+002,
    0.2228374125148554E+002,
    0.2639852189912112E+002,
    0.3081810111324823E+002,
    0.3554247889386686E+002,
    0.4057165524097702E+002,
    0.4590563015457871E+002,
    0.5154440363467191E+002,
    0.5748797568125666E+002,
    0.6373634629433290E+002,
    0.7028951547390072E+002,
    0.7714748321995999E+002,
    0.8431024953251085E+002,
    0.9177781441155318E+002,
    0.9955017785708709E+002,
    0.1076273398691125E+003,
    0.1160093004476294E+003,
    0.1246960595926378E+003,
    0.1336876173041379E+003,
    0.1575000053112882E+003,
    0.1832173843590106E+003,
    0.2108397544473051E+003,
    0.2403671155761716E+003,
    0.2717994677456101E+003,
    0.3051368109556206E+003,
    0.3403791452062031E+003,
    0.3775264704973576E+003,
    0.4575360942013829E+003,
    0.5451656820676964E+003,
    0.6404152340962977E+003,
    0.7432847502871873E+003,
    0.8537742306403652E+003,
    0.9718836751558310E+003,
    0.1097613083833585E+004,
    0.1230962456673627E+004,
    0.1371931793675957E+004,
    0.1520521094840575E+004,
    -0.3471737617048305E+001,
    -0.3471737617048305E+001,
    -0.3471737617048305E+001,
    -0.3471737617048305E+001,
    -0.3471737617048305E+001,
    -0.3471737617048305E+001,
    -0.3471737617048305E+001,
    -0.3471737617048305E+001,
    -0.3471737617048305E+001,
    -0.3471737617048305E+001,
    -0.3471737617048305E+001,
    -0.3471737617048305E+001,
    -0.3471737617048305E+001,
    -0.3471737617048305E+001,
    -0.3471737617048305E+001,
    -0.3471737617048305E+001,
    -0.3471737617048305E+001,
    -0.3471737617048305E+001,
    -0.3471737617048305E+001,
    -0.3471737617048305E+001,
    -0.3471737617048305E+001
  ],
"eimag": [
    0.8645940924528950E+000,
    0.8645940924528950E+000,
    0.8645940924528950E+000,
    0.8645940924528950E+000,
    0.8645940924528950E+000,
    0.8645940924528950E+000,
    0.8645940924528950E+000,
    0.8645940924528950E+000,
    0.8645940924528950E+000,
    0.8645940924528950E+000,
    0.8645940924528950E+000,
    0.8645940924528950E+000,
    0.8645940924528950E+000,
    0.8645940924528950E+000,
    0.8645940924528950E+000,
    0.8645940924528950E+000,
    0.8645940924528950E+000,
    0.8645940924528950E+000,
    0.8645940924528950E+000,
    0.8645940924528950E+000,
    0.8645940924528950E+000,
    0.8645940924528950E+000,
    0.8645940924528950E+000,
    0.8645940924528950E+000,
    0.8645940924528950E+000,
    0.8645940924528950E+000,
    0.8645940924528950E+000,
    0.8645940924528950E+000,
    0.8645940924528950E+000,
    0.8645940924528950E+000,
    0.8645940924528950E+000,
    0.8645940924528950E+000,
    0.8645940924528950E+000,
    0.8645940924528950E+000,
    0.8645940924528950E+000,
    0.8645940924528950E+000,
    0.8645940924528950E+000,
    0.8645940924528950E+000,
    0.8645940924528950E+000,
    0.8645940924528950E+000,
    0.8645940924528950E+000,
    0.8645940924528950E+000,
    0.8645940924528950E+000,
    0.8645940924528950E+000,
    0.8645940924528950E+000,
    0.8645940924528950E+000,
    0.8645940924528950E+000,
    0.8645940924528950E+000,
    0.8645940924528950E+000,
    0.8645940924528950E+000,
    0.8645940924528950E+000,
    0.8645940924528950E+000,
    0.8645940924528950E+000,
    0.8645940924528950E+000,
    0.8645940924528950E+000,
    0.8645940924528950E+000,
    0.8645940924528950E+000,
    0.8645940924528950E+000,
    0.8645940924528950E+000,
    0.5000000000000000E-002,
    0.1000000000000000E-001,
    0.1271003790731334E-001,
    0.1896114845808680E-001,
    0.2828670956541659E-001,
    0.4219881194469403E-001,
    0.6295322987021398E-001,
    0.9391518311667335E-001,
    0.1401049896569558E+000,
    0.2090120838330214E+000,
    0.3118093887675690E+000,
    0.4651649471198879E+000,
    0.6939445565904441E+000,
    0.1035243628315345E+001,
    0.1544402012796592E+001,
    0.2303977065776844E+001,
    0.3437129889524962E+001,
    0.5127595258194347E+001,
    0.7649473245682595E+001,
    0.1141167311185543E+002,
    0.1702421578967473E+002
  ],
"xsnorm": [
    0.2483165111544678E-003,
    0.2484061376170400E-003,
    0.2486636679827526E-003,
    0.2490567348055871E-003,
    0.2495353341980071E-003,
    0.2500383446822051E-003,
    0.2504982014450747E-003,
    0.2508483478713656E-003,
    0.2510295045611203E-003,
    0.2509945148053272E-003,
    0.2507123295639389E-003,
    0.2501676827940013E-003,
    0.2493627754197309E-003,
    0.2483136925180860E-003,
    0.2470507899759731E-003,
    0.2456138043483650E-003,
    0.2440495265783847E-003,
    0.2424099501171399E-003,
    0.2407497250332287E-003,
    0.2391260689947233E-003,
    0.2375928052227142E-003,
    0.2342396315168039E-003,
    0.2334886479233211E-003,
    0.2338470409992558E-003,
    0.2358621237473388E-003,
    0.2388240378122521E-003,
    0.2417926807621764E-003,
    0.2449590089069072E-003,
    0.2478814415222529E-003,
    0.2503025801047592E-003,
    0.2521868028417388E-003,
    0.2533020468353981E-003,
    0.2535680404306059E-003,
    0.2532742221651950E-003,
    0.2525737007663730E-003,
    0.2514914699727868E-003,
    0.2504294012496868E-003,
    0.2495966651843794E-003,
    0.2489532401678123E-003,
    0.2486327490884020E-003,
    0.2485890241686965E-003,
    0.2490080317926273E-003,
    0.2484237781774538E-003,
    0.2456334452963894E-003,
    0.2415713734955642E-003,
    0.2378083264280635E-003,
    0.2351466320553957E-003,
    0.2331265345081569E-003,
    0.2309022544328864E-003,
    0.2255655219298997E-003,
    0.2211990409681193E-003,
    0.2156609104482733E-003,
    0.2096725570576141E-003,
    0.2038444338505720E-003,
    0.1972712784301686E-003,
    0.1909288996154462E-003,
    0.1843267974563100E-003,
    0.1776315229283358E-003,
    0.1709653070705363E-003,
    0.2477484074735843E-003,
    0.2477484648407306E-003,
    0.2477485119166889E-003,
    0.2477486633501990E-003,
    0.2477490003703597E-003,
    0.2477497504155261E-003,
    0.2477514196211930E-003,
    0.2477551342848077E-003,
    0.2477634002986262E-003,
    0.2477817911903555E-003,
    0.2478226936544308E-003,
    0.2479135891197196E-003,
    0.2481152140167727E-003,
    0.2485606404856228E-003,
    0.2495356659968185E-003,
    0.2516254870572305E-003,
    0.2558864243875354E-003,
    0.2635321845401325E-003,
    0.2727856812144274E-003,
    0.2701458105420253E-003,
    0.2378345966979131E-003
  ],